{"count":1,"self":41.0377408,"total":41.318795,"children":{"AgentSendState":{"count":2162,"self":0.0132978,"total":0.016068199999999998,"children":{"CollectObservations":{"count":433,"self":0.0018678999999999998,"total":0.0018678999999999998,"children":null},"CollectDiscreteActionMasks":{"count":433,"self":0.0009025,"total":0.0009025,"children":null}}},"DecideAction":{"count":2162,"self":0.21907189999999999,"total":0.2571622,"children":{"RayPerceptionSensor.Perceive":{"count":433,"self":0.0380903,"total":0.0380903,"children":null}}},"AgentAct":{"count":2162,"self":0.0058290999999999994,"total":0.0058290999999999994,"children":null}},"gauges":{"Bird.CumulativeReward":{"count":4,"max":119.398735,"min":10.3000069,"runningAverage":49.3997,"value":119.398735,"weightedAverage":51.0606537}},"metadata":{"timer_format_version":"0.1.0","start_time_seconds":"1630638407","unity_version":"2020.3.15f1","command_line_arguments":"C:\\Users\\adamj\\Take 5\\Build\\Build1.0\\Take 5.exe","communication_protocol_version":"1.0.0","com.unity.ml-agents_version":"1.0.8","scene_name":"FlappyBird","end_time_seconds":"1630638449"}}