{
    "name": "root",
    "gauges": {
        "at2.5Jump_Bird.Policy.Entropy.mean": {
            "value": 0.055482473224401474,
            "min": 0.054487939924001694,
            "max": 0.6931230425834656,
            "count": 100
        },
        "at2.5Jump_Bird.Environment.EpisodeLength.mean": {
            "value": 81.09836065573771,
            "min": 8.664734299516908,
            "max": 84.61157024793388,
            "count": 100
        },
        "at2.5Jump_Bird.Policy.ExtrinsicValueEstimate.mean": {
            "value": 16.77975845336914,
            "min": -0.2751557528972626,
            "max": 17.01844596862793,
            "count": 100
        },
        "at2.5Jump_Bird.Environment.CumulativeReward.mean": {
            "value": 39.84918033978978,
            "min": 3.6439071603162607,
            "max": 41.3595041233646,
            "count": 100
        },
        "at2.5Jump_Bird.Policy.ExtrinsicReward.mean": {
            "value": 39.84918033978978,
            "min": 3.6439071603162607,
            "max": 41.3595041233646,
            "count": 100
        },
        "at2.5Jump_Bird.IsTraining.mean": {
            "value": 1.0,
            "min": 1.0,
            "max": 1.0,
            "count": 100
        },
        "at2.5Jump_Bird.Losses.ValueLoss.mean": {
            "value": 31.59925079345703,
            "min": 3.645017147064209,
            "max": 32.79944610595703,
            "count": 97
        },
        "at2.5Jump_Bird.Losses.PolicyLoss.mean": {
            "value": 0.02748558484017849,
            "min": 0.017400940880179405,
            "max": 0.030671922490000725,
            "count": 97
        },
        "at2.5Jump_Bird.Policy.LearningRate.mean": {
            "value": 1.0527951417316217e-06,
            "min": 1.0527951417316217e-06,
            "max": 0.0002969255729112774,
            "count": 97
        }
    },
    "metadata": {
        "timer_format_version": "0.1.0",
        "start_time_seconds": "1630568137",
        "python_version": "3.9.1 (tags/v3.9.1:1e5d33e, Dec  7 2020, 17:08:21) [MSC v.1927 64 bit (AMD64)]",
        "command_line_arguments": "C:\\Users\\adamj\\AppData\\Local\\Programs\\Python\\Python39\\Scripts\\mlagents-learn config/trainer_config.yaml --run-id=at2.5Jump",
        "mlagents_version": "0.16.1",
        "mlagents_envs_version": "0.16.1",
        "communication_protocol_version": "1.0.0",
        "tensorflow_version": "2.6.0",
        "end_time_seconds": "1630569393"
    },
    "total": 1255.4404279999999,
    "count": 1,
    "self": 0.3276631999997335,
    "children": {
        "run_training.setup": {
            "total": 0.009018300000000146,
            "count": 1,
            "self": 0.009018300000000146
        },
        "TrainerController.start_learning": {
            "total": 1255.1037465000002,
            "count": 1,
            "self": 61.293251699992425,
            "children": {
                "TrainerController._reset_env": {
                    "total": 7.843893099999999,
                    "count": 1,
                    "self": 7.843893099999999
                },
                "TrainerController.advance": {
                    "total": 1185.2226442000076,
                    "count": 114277,
                    "self": 1.6425166000058198,
                    "children": {
                        "env_step": {
                            "total": 1183.5801276000018,
                            "count": 114277,
                            "self": 1086.7619103000313,
                            "children": {
                                "SubprocessEnvManager._take_step": {
                                    "total": 95.05714979997958,
                                    "count": 114277,
                                    "self": 4.351723899973436,
                                    "children": {
                                        "NNPolicy.evaluate": {
                                            "total": 90.70542590000615,
                                            "count": 100029,
                                            "self": 90.70542590000615
                                        }
                                    }
                                },
                                "workers": {
                                    "total": 1.7610674999908973,
                                    "count": 114277,
                                    "self": 0.0,
                                    "children": {
                                        "worker_root": {
                                            "total": 1242.7632939999849,
                                            "count": 114277,
                                            "is_parallel": true,
                                            "self": 384.5361898999587,
                                            "children": {
                                                "steps_from_proto": {
                                                    "total": 0.0004435999999996554,
                                                    "count": 1,
                                                    "is_parallel": true,
                                                    "self": 0.0002010999999999541,
                                                    "children": {
                                                        "_process_vector_observation": {
                                                            "total": 0.0002424999999997013,
                                                            "count": 2,
                                                            "is_parallel": true,
                                                            "self": 0.0002424999999997013
                                                        }
                                                    }
                                                },
                                                "UnityEnvironment.step": {
                                                    "total": 858.2266605000261,
                                                    "count": 114277,
                                                    "is_parallel": true,
                                                    "self": 15.916332100050795,
                                                    "children": {
                                                        "UnityEnvironment._generate_step_input": {
                                                            "total": 15.78670639999018,
                                                            "count": 114277,
                                                            "is_parallel": true,
                                                            "self": 15.78670639999018
                                                        },
                                                        "communicator.exchange": {
                                                            "total": 778.0620637999838,
                                                            "count": 114277,
                                                            "is_parallel": true,
                                                            "self": 778.0620637999838
                                                        },
                                                        "steps_from_proto": {
                                                            "total": 48.461558200001434,
                                                            "count": 114277,
                                                            "is_parallel": true,
                                                            "self": 19.874908100000752,
                                                            "children": {
                                                                "_process_vector_observation": {
                                                                    "total": 28.586650100000682,