{
    "name": "root",
    "gauges": {
        "Jump1.5_Bird.Policy.Entropy.mean": {
            "value": 0.02263677306473255,
            "min": 0.020208679139614105,
            "max": 0.6931369304656982,
            "count": 500
        },
        "Jump1.5_Bird.Environment.EpisodeLength.mean": {
            "value": 100.06122448979592,
            "min": 8.7763671875,
            "max": 125.11392405063292,
            "count": 500
        },
        "Jump1.5_Bird.Policy.ExtrinsicValueEstimate.mean": {
            "value": 22.283443450927734,
            "min": 0.1392366886138916,
            "max": 23.365535736083984,
            "count": 500
        },
        "Jump1.5_Bird.Environment.CumulativeReward.mean": {
            "value": 49.3051546345052,
            "min": 3.7117416875003135,
            "max": 62.740506302706805,
            "count": 500
        },
        "Jump1.5_Bird.Policy.ExtrinsicReward.mean": {
            "value": 49.3051546345052,
            "min": 3.7117416875003135,
            "max": 62.740506302706805,
            "count": 500
        },
        "Jump1.5_Bird.IsTraining.mean": {
            "value": 1.0,
            "min": 1.0,
            "max": 1.0,
            "count": 500
        },
        "Jump1.5_Bird.Losses.ValueLoss.mean": {
            "value": 37.10997009277344,
            "min": 3.0741093158721924,
            "max": 43.54843521118164,
            "count": 486
        },
        "Jump1.5_Bird.Losses.PolicyLoss.mean": {
            "value": 0.026939237490296364,
            "min": 0.015811733901500702,
            "max": 0.03448532521724701,
            "count": 486
        },
        "Jump1.5_Bird.Policy.LearningRate.mean": {
            "value": 3.5829998523695394e-07,
            "min": 3.5829998523695394e-07,
            "max": 0.00029938557418063283,
            "count": 486
        }
    },
    "metadata": {
        "timer_format_version": "0.1.0",
        "start_time_seconds": "1630627583",
        "python_version": "3.9.1 (tags/v3.9.1:1e5d33e, Dec  7 2020, 17:08:21) [MSC v.1927 64 bit (AMD64)]",
        "command_line_arguments": "C:\\Users\\adamj\\AppData\\Local\\Programs\\Python\\Python39\\Scripts\\mlagents-learn config/trainer_config.yaml --run-id=Jump1.5",
        "mlagents_version": "0.16.1",
        "mlagents_envs_version": "0.16.1",
        "communication_protocol_version": "1.0.0",
        "tensorflow_version": "2.6.0",
        "end_time_seconds": "1630632564"
    },
    "total": 4981.3533562,
    "count": 1,
    "self": 0.46623060000001715,
    "children": {
        "run_training.setup": {
            "total": 0.010565299999999667,
            "count": 1,
            "self": 0.010565299999999667
        },
        "TrainerController.start_learning": {
            "total": 4980.8765603,
            "count": 1,
            "self": 250.74243250018753,
            "children": {
                "TrainerController._reset_env": {
                    "total": 7.2284296999999995,
                    "count": 1,
                    "self": 7.2284296999999995
                },
                "TrainerController.advance": {
                    "total": 4719.733832199813,
                    "count": 542598,
                    "self": 6.386371599878657,
                    "children": {
                        "env_step": {
                            "total": 4713.3474605999345,
                            "count": 542598,
                            "self": 4292.252181699972,
                            "children": {
                                "SubprocessEnvManager._take_step": {
                                    "total": 413.87476890006167,
                                    "count": 542598,
                                    "self": 17.41154750000561,
                                    "children": {
                                        "NNPolicy.evaluate": {
                                            "total": 396.46322140005606,
                                            "count": 500034,
                                            "self": 396.46322140005606
                                        }
                                    }
                                },
                                "workers": {
                                    "total": 7.220509999899967,
                                    "count": 542598,
                                    "self": 0.0,
                                    "children": {
                                        "worker_root": {
                                            "total": 4957.119026900116,
                                            "count": 542598,
                                            "is_parallel": true,
                                            "self": 1642.9135733000458,
                                            "children": {
                                                "steps_from_proto": {
                                                    "total": 0.0005021000000002829,
                                                    "count": 1,
                                                    "is_parallel": true,
                                                    "self": 0.0001930000000003318,
                                                    "children": {
                                                        "_process_vector_observation": {
                                                            "total": 0.0003090999999999511,
                                                            "count": 2,
                                                            "is_parallel": true,
                                                            "self": 0.0003090999999999511
                                                        }
                                                    }
                                                },
                                                "UnityEnvironment.step": {
                                                    "total": 3314.2049515000704,
                                                    "count": 542598,
                                                    "is_parallel": true,
                                                    "self": 67.84636890009233,
                                                    "children": {
                                                        "UnityEnvironment._generate_step_input": {
                                                            "total": 63.595323299980095,
                                                            "count": 542598,
                                                            "is_parallel": true,
                                                            "self": 63.595323299980095
                                                        },
                                                        "communicator.exchange": {
                                                            "total": 2946.9925814000553,
                                                            "count": 542598,
                                                            "is_parallel": true,
                                                            "self": 2946.9925814000553
                                                        },
                                                        "steps_from_proto": {
                                                            "total": 235.77067789994288,
                                                            "count": 542598,
                                                            "is_parallel": true,
                                                            "self": 80.37795979989923,
                                                            "children": {
                                                                "_process_vector_observation": {
                                                                    "total": 155.39271810004365,