{
    "name": "root",
    "gauges": {
        "moretime_Bird.Policy.Entropy.mean": {
            "value": 0.010391990654170513,
            "min": 0.008165140636265278,
            "max": 0.6931145191192627,
            "count": 5000
        },
        "moretime_Bird.Environment.EpisodeLength.mean": {
            "value": 149.26865671641792,
            "min": 8.714563106796117,
            "max": 197.57142857142858,
            "count": 5000
        },
        "moretime_Bird.Policy.ExtrinsicValueEstimate.mean": {
            "value": 26.346956253051758,
            "min": 0.00906648114323616,
            "max": 27.45510482788086,
            "count": 5000
        },
        "moretime_Bird.Environment.CumulativeReward.mean": {
            "value": 74.80454550457723,
            "min": 3.6686103082143413,
            "max": 96.66400003433228,
            "count": 5000
        },
        "moretime_Bird.Policy.ExtrinsicReward.mean": {
            "value": 74.80454550457723,
            "min": 3.6686103082143413,
            "max": 96.66400003433228,
            "count": 5000
        },
        "moretime_Bird.IsTraining.mean": {
            "value": 1.0,
            "min": 1.0,
            "max": 1.0,
            "count": 5000
        },
        "moretime_Bird.Losses.ValueLoss.mean": {
            "value": 40.09718704223633,
            "min": 3.2598440647125244,
            "max": 50.13561248779297,
            "count": 4864
        },
        "moretime_Bird.Losses.PolicyLoss.mean": {
            "value": 0.01812027022242546,
            "min": 0.012809110805392265,
            "max": 0.037923868745565414,
            "count": 4864
        },
        "moretime_Bird.Policy.LearningRate.mean": {
            "value": 3.620252897462706e-08,
            "min": 3.620252897462706e-08,
            "max": 0.0002999385760631412,
            "count": 4864
        }
    },
    "metadata": {
        "timer_format_version": "0.1.0",
        "start_time_seconds": "1630580141",
        "python_version": "3.9.1 (tags/v3.9.1:1e5d33e, Dec  7 2020, 17:08:21) [MSC v.1927 64 bit (AMD64)]",
        "command_line_arguments": "C:\\Users\\adamj\\AppData\\Local\\Programs\\Python\\Python39\\Scripts\\mlagents-learn config/trainer_config.yaml --run-id=moretime",
        "mlagents_version": "0.16.1",
        "mlagents_envs_version": "0.16.1",
        "communication_protocol_version": "1.0.0",
        "tensorflow_version": "2.6.0",
        "end_time_seconds": "1630627285"
    },
    "total": 47144.209569700004,
    "count": 1,
    "self": 0.5191202999994857,
    "children": {
        "run_training.setup": {
            "total": 0.006913499999999573,
            "count": 1,
            "self": 0.006913499999999573
        },
        "TrainerController.start_learning": {
            "total": 47143.6835359,
            "count": 1,
            "self": 2341.1699449996595,
            "children": {
                "TrainerController._reset_env": {
                    "total": 14.220598500000001,
                    "count": 1,
                    "self": 14.220598500000001
                },
                "TrainerController.advance": {
                    "total": 44762.29647810035,
                    "count": 5315064,
                    "self": 61.318752698651224,
                    "children": {
                        "env_step": {
                            "total": 44700.977725401695,
                            "count": 5315064,
                            "self": 40697.73606360137,
                            "children": {
                                "SubprocessEnvManager._take_step": {
                                    "total": 3935.905390897702,
                                    "count": 5315064,
                                    "self": 160.45297839931345,
                                    "children": {
                                        "NNPolicy.evaluate": {
                                            "total": 3775.4524124983886,
                                            "count": 5000031,
                                            "self": 3775.4524124983886
                                        }
                                    }
                                },
                                "workers": {
                                    "total": 67.336270902624,
                                    "count": 5315064,
                                    "self": 0.0,
                                    "children": {
                                        "worker_root": {
                                            "total": 46979.601970598545,
                                            "count": 5315064,
                                            "is_parallel": true,
                                            "self": 15401.367555795565,
                                            "children": {
                                                "steps_from_proto": {
                                                    "total": 0.0005279000000015799,
                                                    "count": 1,
                                                    "is_parallel": true,
                                                    "self": 0.00021530000000247185,
                                                    "children": {
                                                        "_process_vector_observation": {
                                                            "total": 0.00031259999999910804,
                                                            "count": 2,
                                                            "is_parallel": true,
                                                            "self": 0.00031259999999910804
                                                        }
                                                    }
                                                },
                                                "UnityEnvironment.step": {
                                                    "total": 31578.23388690298,
                                                    "count": 5315064,
                                                    "is_parallel": true,
                                                    "self": 620.249621199906,
                                                    "children": {
                                                        "UnityEnvironment._generate_step_input": {
                                                            "total": 578.2477596992228,
                                                            "count": 5315064,
                                                            "is_parallel": true,
                                                            "self": 578.2477596992228
                                                        },
                                                        "communicator.exchange": {
                                                            "total": 28173.893239598096,
                                                            "count": 5315064,
                                                            "is_parallel": true,
                                                            "self": 28173.893239598096
                                                        },
                                                        "steps_from_proto": {
                                                            "total": 2205.8432664057573,
                                                            "count": 5315064,
                                                            "is_parallel": true,
                                                            "self": 755.3288112002206,