{
    "name": "root",
    "metadata": {
        "timer_format_version": "0.1.0",
        "start_time_seconds": "1630841531",
        "python_version": "3.9.1 (tags/v3.9.1:1e5d33e, Dec  7 2020, 17:08:21) [MSC v.1927 64 bit (AMD64)]",
        "command_line_arguments": "C:\\Users\\adamj\\AppData\\Local\\Programs\\Python\\Python39\\Scripts\\mlagents-learn config/trainer_config.yaml --run-id=SRVideo",
        "mlagents_version": "0.16.1",
        "mlagents_envs_version": "0.16.1",
        "communication_protocol_version": "1.0.0",
        "tensorflow_version": "2.6.0",
        "end_time_seconds": "1630841596"
    },
    "total": 64.9878604,
    "count": 1,
    "self": 0.0007910999999864998,
    "children": {
        "run_training.setup": {
            "total": 0.009334299999999907,
            "count": 1,
            "self": 0.009334299999999907
        },
        "TrainerController.start_learning": {
            "total": 64.97773500000001,
            "count": 1,
            "self": 3.9050735999999873,
            "children": {
                "TrainerController._reset_env": {
                    "total": 7.553543599999999,
                    "count": 1,
                    "self": 7.553543599999999
                },
                "TrainerController.advance": {
                    "total": 53.367579200000044,
                    "count": 9896,
                    "self": 0.10609379999995383,
                    "children": {
                        "env_step": {
                            "total": 53.26148540000009,
                            "count": 9896,
                            "self": 46.70839600000075,
                            "children": {
                                "SubprocessEnvManager._take_step": {
                                    "total": 6.439133399999804,
                                    "count": 9896,
                                    "self": 0.2555512999996381,
                                    "children": {
                                        "NNPolicy.evaluate": {
                                            "total": 6.183582100000166,
                                            "count": 9289,
                                            "self": 6.183582100000166
                                        }
                                    }
                                },
                                "workers": {
                                    "total": 0.11395599999954165,
                                    "count": 9895,
                                    "self": 0.0,
                                    "children": {
                                        "worker_root": {
                                            "total": 56.86052989999982,
                                            "count": 9895,
                                            "is_parallel": true,
                                            "self": 19.713459199999797,
                                            "children": {
                                                "steps_from_proto": {
                                                    "total": 0.00031850000000055445,
                                                    "count": 1,
                                                    "is_parallel": true,
                                                    "self": 0.00018300000000071037,
                                                    "children": {
                                                        "_process_vector_observation": {
                                                            "total": 0.00013549999999984408,
                                                            "count": 2,
                                                            "is_parallel": true,
                                                            "self": 0.00013549999999984408
                                                        }
                                                    }
                                                },
                                                "UnityEnvironment.step": {
                                                    "total": 37.14675220000002,
                                                    "count": 9895,
                                                    "is_parallel": true,
                                                    "self": 0.73290659999995,
                                                    "children": {
                                                        "UnityEnvironment._generate_step_input": {
                                                            "total": 0.5414658000003119,
                                                            "count": 9895,
                                                            "is_parallel": true,
                                                            "self": 0.5414658000003119
                                                        },
                                                        "communicator.exchange": {
                                                            "total": 33.55520339999997,
                                                            "count": 9895,
                                                            "is_parallel": true,
                                                            "self": 33.55520339999997
                                                        },
                                                        "steps_from_proto": {
                                                            "total": 2.317176399999795,
                                                            "count": 9895,
                                                            "is_parallel": true,
                                                            "self": 1.2750266999998523,
                                                            "children": {
                                                                "_process_vector_observation": {
                                                                    "total": 1.0421496999999427,
                                                                    "count": 19790,
                                                                    "is_parallel": true,
                                                                    "self": 1.0421496999999427
                                                                }
                                                            }
                                                        }
                                                    }
                                                }
                                            }
                                        }
                                    }
                                }
                            }
                        }
                    }
                },
                "trainer_threads": {
                    "total": 1.6199999990362812e-05,
                    "count": 1,
                    "self": 1.6199999990362812e-05,
                    "children": {
                        "thread_root": {
                            "total": 0.0,
                            "count": 0,
                            "is_parallel": true,
                            "self": 0.0,
                            "children": {
                                "trainer_advance": {
                                    "total": 55.81396969999993,
                                    "count": 4363,
                                    "is_parallel": true,
                                    "self": 0.18821749999985116,
                                    "children": {
                                        "process_trajectory": {
                                            "total": 55.62575220000008,
                                            "count": 4363,
                                            "is_parallel": true,