{
    "name": "root",
    "gauges": {
        "test2_Bird.Policy.Entropy.mean": {
            "value": 0.07559441030025482,
            "min": 0.07559441030025482,
            "max": 0.693095326423645,
            "count": 50
        },
        "test2_Bird.Environment.EpisodeLength.mean": {
            "value": 26.222826086956523,
            "min": 8.249537892791128,
            "max": 27.326760563380283,
            "count": 50
        },
        "test2_Bird.Policy.ExtrinsicValueEstimate.mean": {
            "value": 6.12631368637085,
            "min": -0.23353886604309082,
            "max": 6.232626438140869,
            "count": 50
        },
        "test2_Bird.Environment.CumulativeReward.mean": {
            "value": 12.413079043175284,
            "min": 3.4111933251644704,
            "max": 12.945762728567177,
            "count": 50
        },
        "test2_Bird.Policy.ExtrinsicReward.mean": {
            "value": 12.413079043175284,
            "min": 3.4111933251644704,
            "max": 12.945762728567177,
            "count": 50
        },
        "test2_Bird.IsTraining.mean": {
            "value": 1.0,
            "min": 1.0,
            "max": 1.0,
            "count": 50
        },
        "test2_Bird.Losses.ValueLoss.mean": {
            "value": 4.616830348968506,
            "min": 3.431363344192505,
            "max": 8.016563415527344,
            "count": 48
        },
        "test2_Bird.Losses.PolicyLoss.mean": {
            "value": 0.027810079976916313,
            "min": 0.017480092123150826,
            "max": 0.0323522686958313,
            "count": 48
        },
        "test2_Bird.Policy.LearningRate.mean": {
            "value": 0.00015230888675432652,
            "min": 0.00015230888675432652,
            "max": 0.000296926184091717,
            "count": 48
        }
    },
    "metadata": {
        "timer_format_version": "0.1.0",
        "start_time_seconds": "1630566647",
        "python_version": "3.9.1 (tags/v3.9.1:1e5d33e, Dec  7 2020, 17:08:21) [MSC v.1927 64 bit (AMD64)]",
        "command_line_arguments": "C:\\Users\\adamj\\AppData\\Local\\Programs\\Python\\Python39\\Scripts\\mlagents-learn config/trainer_config.yaml --run-id=test2",
        "mlagents_version": "0.16.1",
        "mlagents_envs_version": "0.16.1",
        "communication_protocol_version": "1.0.0",
        "tensorflow_version": "2.6.0",
        "end_time_seconds": "1630567689"
    },
    "total": 1042.0704868999999,
    "count": 1,
    "self": 0.0007642999999006861,
    "children": {
        "run_training.setup": {
            "total": 0.008387700000000109,
            "count": 1,
            "self": 0.008387700000000109
        },
        "TrainerController.start_learning": {
            "total": 1042.0613349,
            "count": 1,
            "self": 57.282081299997344,
            "children": {
                "TrainerController._reset_env": {
                    "total": 17.080998,
                    "count": 1,
                    "self": 17.080998
                },
                "TrainerController.advance": {
                    "total": 966.7030727000028,
                    "count": 117526,
                    "self": 1.7259077000053367,
                    "children": {
                        "env_step": {
                            "total": 964.9771649999975,
                            "count": 117526,
                            "self": 863.5460689000189,
                            "children": {
                                "SubprocessEnvManager._take_step": {
                                    "total": 99.52490979998316,
                                    "count": 117526,
                                    "self": 4.656209799981269,
                                    "children": {
                                        "NNPolicy.evaluate": {
                                            "total": 94.8687000000019,
                                            "count": 101637,
                                            "self": 94.8687000000019
                                        }
                                    }
                                },
                                "workers": {
                                    "total": 1.9061862999954684,
                                    "count": 117525,
                                    "self": 0.0,
                                    "children": {
                                        "worker_root": {
                                            "total": 1020.2887237999907,
                                            "count": 117525,
                                            "is_parallel": true,
                                            "self": 365.8189626999857,
                                            "children": {
                                                "steps_from_proto": {
                                                    "total": 0.00038070000000089976,
                                                    "count": 1,
                                                    "is_parallel": true,
                                                    "self": 0.0001867000000004282,
                                                    "children": {
                                                        "_process_vector_observation": {
                                                            "total": 0.00019400000000047157,
                                                            "count": 2,
                                                            "is_parallel": true,
                                                            "self": 0.00019400000000047157
                                                        }
                                                    }
                                                },
                                                "UnityEnvironment.step": {
                                                    "total": 654.469380400005,
                                                    "count": 117525,
                                                    "is_parallel": true,
                                                    "self": 14.613350299979402,
                                                    "children": {
                                                        "UnityEnvironment._generate_step_input": {
                                                            "total": 13.080013900010357,
                                                            "count": 117525,
                                                            "is_parallel": true,
                                                            "self": 13.080013900010357
                                                        },
                                                        "communicator.exchange": {
                                                            "total": 582.8796596000126,
                                                            "count": 117525,
                                                            "is_parallel": true,
                                                            "self": 582.8796596000126
                                                        },
                                                        "steps_from_proto": {
                                                            "total": 43.896356600002626,
                                                            "count": 117525,
                                                            "is_parallel": true,
                                                            "self": 21.03762340000089,
                                                            "children": {
                                                                "_process_vector_observation": {
                                                                    "total": 22.858733200001737,