{
    "name": "root",
    "gauges": {
        "test1_Bird.Policy.Entropy.mean": {
            "value": 0.0,
            "min": 0.0,
            "max": 0.0,
            "count": 2
        },
        "test1_Bird.Environment.EpisodeLength.mean": {
            "value": 8.400375939849624,
            "min": 8.400375939849624,
            "max": 8.400375939849624,
            "count": 2
        },
        "test1_Bird.Policy.ExtrinsicValueEstimate.mean": {
            "value": 0.18005681037902832,
            "min": -0.28006070852279663,
            "max": 0.18005681037902832,
            "count": 2
        },
        "test1_Bird.Environment.CumulativeReward.mean": {
            "value": 3.499906015127225,
            "min": 3.499906015127225,
            "max": 3.500188146799326,
            "count": 2
        },
        "test1_Bird.Policy.ExtrinsicReward.mean": {
            "value": 3.499906015127225,
            "min": 3.499906015127225,
            "max": 3.500188146799326,
            "count": 2
        },
        "test1_Bird.IsTraining.mean": {
            "value": 1.0,
            "min": 1.0,
            "max": 1.0,
            "count": 2
        },
        "test1_Bird.Losses.ValueLoss.mean": {
            "value": 3.1322944164276123,
            "min": 3.1322944164276123,
            "max": 3.1322944164276123,
            "count": 1
        },
        "test1_Bird.Losses.PolicyLoss.mean": {
            "value": 0.02139078825712204,
            "min": 0.02139078825712204,
            "max": 0.02139078825712204,
            "count": 1
        },
        "test1_Bird.Policy.LearningRate.mean": {
            "value": 0.000296926184091717,
            "min": 0.000296926184091717,
            "max": 0.000296926184091717,
            "count": 1
        }
    },
    "metadata": {
        "timer_format_version": "0.1.0",
        "start_time_seconds": "1630566008",
        "python_version": "3.9.1 (tags/v3.9.1:1e5d33e, Dec  7 2020, 17:08:21) [MSC v.1927 64 bit (AMD64)]",
        "command_line_arguments": "C:\\Users\\adamj\\AppData\\Local\\Programs\\Python\\Python39\\Scripts\\mlagents-learn config/trainer_config.yaml --run-id=test1",
        "mlagents_version": "0.16.1",
        "mlagents_envs_version": "0.16.1",
        "communication_protocol_version": "1.0.0",
        "tensorflow_version": "2.6.0",
        "end_time_seconds": "1630566156"
    },
    "total": 148.6699461,
    "count": 1,
    "self": 0.0005827999999894473,
    "children": {
        "run_training.setup": {
            "total": 0.008965299999999843,
            "count": 1,
            "self": 0.008965299999999843
        },
        "TrainerController.start_learning": {
            "total": 148.66039800000001,
            "count": 1,
            "self": 8.533277199999333,
            "children": {
                "TrainerController._reset_env": {
                    "total": 7.818069100000001,
                    "count": 1,
                    "self": 7.818069100000001
                },
                "TrainerController.advance": {
                    "total": 131.9249213000007,
                    "count": 22979,
                    "self": 0.2601468000006264,
                    "children": {
                        "env_step": {
                            "total": 131.66477450000008,
                            "count": 22979,
                            "self": 115.66505919999936,
                            "children": {
                                "SubprocessEnvManager._take_step": {
                                    "total": 15.698297799999787,
                                    "count": 22979,
                                    "self": 0.6420138999992897,
                                    "children": {
                                        "NNPolicy.evaluate": {
                                            "total": 15.056283900000498,
                                            "count": 21177,
                                            "self": 15.056283900000498
                                        }
                                    }
                                },
                                "workers": {
                                    "total": 0.3014175000009338,
                                    "count": 22978,
                                    "self": 0.0,
                                    "children": {
                                        "worker_root": {
                                            "total": 139.64465340000035,
                                            "count": 22978,
                                            "is_parallel": true,
                                            "self": 49.97695180000123,
                                            "children": {
                                                "steps_from_proto": {
                                                    "total": 0.0003948999999998648,
                                                    "count": 1,
                                                    "is_parallel": true,
                                                    "self": 0.00018770000000056797,
                                                    "children": {
                                                        "_process_vector_observation": {
                                                            "total": 0.00020719999999929684,
                                                            "count": 2,
                                                            "is_parallel": true,
                                                            "self": 0.00020719999999929684
                                                        }
                                                    }
                                                },
                                                "UnityEnvironment.step": {
                                                    "total": 89.66730669999912,
                                                    "count": 22978,
                                                    "is_parallel": true,
                                                    "self": 2.044096299999836,
                                                    "children": {
                                                        "UnityEnvironment._generate_step_input": {
                                                            "total": 1.4835267999988346,
                                                            "count": 22978,
                                                            "is_parallel": true,
                                                            "self": 1.4835267999988346
                                                        },
                                                        "communicator.exchange": {
                                                            "total": 80.28185080000024,
                                                            "count": 22978,
                                                            "is_parallel": true,
                                                            "self": 80.28185080000024
                                                        },
                                                        "steps_from_proto": {
                                                            "total": 5.857832800000194,
                                                            "count": 22978,
                                                            "is_parallel": true,
                                                            "self": 3.301956799999454,
                                                            "children": {
                                                                "_process_vector_observation": {
                                                                    "total": 2.5558760000007403,
                                                                    "count": 45956,