{"count":1,"self":5.9611104,"total":19.6165319,"children":{"AgentSendState":{"count":9067,"self":0.1744802,"total":0.4005312,"children":{"CollectObservations":{"count":21768,"self":0.0644107,"total":0.0644107,"children":null},"CollectDiscreteActionMasks":{"count":21768,"self":0.018940699999999998,"total":0.018940699999999998,"children":null},"AgentInfo.ToProto":{"count":21768,"self":0.0698609,"total":0.14269959999999998,"children":{"GenerateSensorData":{"count":21768,"self":0.072838699999999992,"total":0.072838699999999992,"children":null}}}}},"DecideAction":{"count":9067,"self":12.8068856,"total":12.8068859,"children":null},"AgentAct":{"count":9067,"self":0.4370725,"total":0.4470069,"children":{"AgentInfo.ToProto":{"count":923,"self":0.0039813999999999995,"total":0.0099344,"children":{"GenerateSensorData":{"count":923,"self":0.005953,"total":0.005953,"children":null}}}}}},"gauges":{"3DBall.CumulativeReward":{"count":923,"max":5.99999571,"min":0.100000165,"runningAverage":1.31971848,"value":1.39999974,"weightedAverage":1.90200615}},"metadata":{"timer_format_version":"0.1.0","start_time_seconds":"1630841192","unity_version":"2020.3.15f1","command_line_arguments":"C:\\Program Files\\Unity\\Hub\\Editor\\2020.3.15f1\\Editor\\Unity.exe -projectpath C:\/Users\/adamj\/Take 5 -useHub -hubIPC -cloudEnvironment production -hubSessionId 45118c40-0e3b-11ec-9ac6-3db0f38ad453 -accessToken ipr-A5csLBJ-jLkxBJEOmS91Ulu5Li70cxbZXRhdL9M010f","communication_protocol_version":"1.0.0","com.unity.ml-agents_version":"1.0.8","scene_name":"3DBall","end_time_seconds":"1630841211"}}