{"cameraMode":{"drawMode":0,"name":"Shaded","section":"Shading Mode"},"sceneLighting":true,"audioPlay":false,"sceneViewState":{"m_AlwaysRefresh":false,"showFog":true,"showSkybox":true,"showFlares":true,"showImageEffects":true,"showParticleSystems":true,"showVisualEffectGraphs":true,"m_FxEnabled":true},"in2DMode":false,"pivot":{"x":4.431943893432617,"y":-146.95193481445313,"z":182.99029541015626},"rotation":{"x":0.32914483547210696,"y":-0.0014164180029183627,"z":0.0004937174380756915,"w":0.9442785382270813},"size":139.13404846191407,"orthographic":false}